{
  "MTQM_eq_9Q": true,
  "kappa": 1.0,
  "kappa_witness": [
    -40,
    0,
    0
  ],
  "nwords": 79003838,
  "reach_src_cheb": 8,
  "rho_c_Q": 27.294688127912362,
  "reach_near_cheb": 4,
  "reach_near_Q": 15.264337522473747,
  "ints_max": 4,
  "diam1_cheb": 8,
  "diam1_Q": 27.294688127912362,
  "bound_DQ_over_3g": 27.294688127912362,
  "bound_Dcheb_coef_kappa_rho": 27.294688127912362,
  "measured_Dq": {
    "1": 21.2368,
    "2": 70.4699,
    "3": 211.8254
  },
  "measured_Dcheb": {
    "1": 6,
    "2": 25,
    "3": 83
  },
  "validation_pass": true,
  "witnesses": {
    "cd4": {
      "ints": [
        [
          -2,
          -2,
          -2
        ],
        [
          10,
          20,
          21,
          72
        ]
      ],
      "rsc": [
        [
          -2,
          -2,
          -2
        ],
        [
          10,
          20,
          21,
          72
        ],
        [
          -6,
          4,
          -5
        ]
      ],
      "rsq": [
        [
          -2,
          -2,
          -2
        ],
        [
          20,
          45,
          20,
          39
        ],
        [
          -5,
          6,
          -6
        ]
      ],
      "d1c": [
        [
          -2,
          -2,
          -2
        ],
        [
          10,
          20,
          21,
          72
        ]
      ],
      "d1q": [
        [
          -2,
          -2,
          -2
        ],
        [
          20,
          45,
          20,
          39
        ]
      ]
    },
    "fragile": {
      "ints": [
        [
          -2,
          -2,
          1
        ],
        [
          [
            -2,
            1,
            -2
          ],
          [
            2,
            2,
            0
          ],
          [
            -2,
            -2,
            -2
          ],
          [
            -2,
            -2,
            -1
          ],
          [
            -2,
            -2,
            -2
          ]
        ]
      ],
      "rsc": [
        [
          -2,
          -2,
          1
        ],
        [
          [
            -2,
            1,
            -2
          ],
          [
            -2,
            2,
            0
          ],
          [
            -2,
            -2,
            -2
          ],
          [
            -2,
            -2,
            -1
          ],
          [
            2,
            -2,
            -2
          ]
        ],
        [
          -8,
          -1,
          -5
        ]
      ],
      "rsq": [
        [
          -2,
          -2,
          2
        ],
        [
          [
            -2,
            -2,
            -2
          ],
          [
            -1,
            -2,
            -2
          ],
          [
            -2,
            -2,
            -2
          ],
          [
            1,
            -2,
            -2
          ],
          [
            -2,
            2,
            0
          ]
        ],
        [
          -4,
          -8,
          -8
        ]
      ],
      "d1c": [
        [
          -2,
          -2,
          1
        ],
        [
          [
            -2,
            1,
            -2
          ],
          [
            -2,
            2,
            0
          ],
          [
            -2,
            -2,
            -2
          ],
          [
            -2,
            -2,
            -1
          ],
          [
            2,
            -2,
            -2
          ]
        ]
      ],
      "d1q": [
        [
          -2,
          -2,
          2
        ],
        [
          [
            -2,
            -2,
            -2
          ],
          [
            -1,
            -2,
            -2
          ],
          [
            -2,
            -2,
            -2
          ],
          [
            1,
            -2,
            -2
          ],
          [
            -2,
            2,
            0
          ]
        ]
      ]
    },
    "band": {
      "ints": [
        [
          -2,
          -2,
          -2
        ],
        [
          [
            -2,
            2,
            0
          ],
          [
            2,
            2,
            1
          ],
          [
            -2,
            -2,
            -2
          ],
          [
            -2,
            2,
            -2
          ],
          [
            -2,
            2,
            -1
          ]
        ]
      ],
      "rsc": [
        [
          -2,
          -2,
          -2
        ],
        [
          [
            -2,
            2,
            0
          ],
          [
            -2,
            2,
            2
          ],
          [
            -2,
            -2,
            -2
          ],
          [
            -2,
            2,
            -2
          ],
          [
            2,
            2,
            -2
          ]
        ],
        [
          -8,
          4,
          -2
        ]
      ],
      "rsq": [
        [
          -2,
          -2,
          -2
        ],
        [
          [
            -2,
            2,
            -2
          ],
          [
            -1,
            2,
            -1
          ],
          [
            -2,
            2,
            -2
          ],
          [
            -2,
            2,
            -1
          ],
          [
            1,
            -2,
            2
          ]
        ],
        [
          -7,
          8,
          -6
        ]
      ],
      "d1c": [
        [
          -2,
          -2,
          -2
        ],
        [
          [
            -2,
            2,
            0
          ],
          [
            -2,
            2,
            2
          ],
          [
            -2,
            -2,
            -2
          ],
          [
            -2,
            2,
            -2
          ],
          [
            2,
            2,
            -2
          ]
        ]
      ],
      "d1q": [
        [
          -2,
          -2,
          -2
        ],
        [
          [
            -2,
            2,
            -2
          ],
          [
            -1,
            2,
            -1
          ],
          [
            -2,
            2,
            -2
          ],
          [
            -2,
            2,
            -1
          ],
          [
            1,
            -2,
            2
          ]
        ]
      ]
    }
  },
  "measured_Dq_over_3g": {
    "1": 7.079,
    "2": 7.83,
    "3": 7.845
  },
  "bound_DQ_g": {
    "1": 54.589376255824725,
    "2": 218.3575050232989,
    "3": 709.6618913257214
  },
  "menu_word_count": 79003838,
  "note": "rho_c=reach-to-source Q over full menu (cd4+fragile+band); kappa=1 EXACT (Cheb<=Q); D^Q_g<=rho_c(3^g-1), D_cheb<=kappa*rho_c(3^g-1). reach-to-nearer=4 Cheb reproduces finite_menu_check."
}