{
  "kappa": 3.872983346207417,
  "RQ0": 8.000771567730974,
  "Rc0": 3.111111111111111,
  "rho_Q": 11.873754913938392,
  "radii": {
    "1": {
      "ncyl": 92732,
      "Rcheb": 6,
      "RQ": 23.0
    },
    "2": {
      "ncyl": 27697,
      "Rcheb": 25,
      "RQ": 72.00694410957877
    },
    "3": {
      "ncyl": 8214,
      "Rcheb": 84,
      "RQ": 214.02803554674793
    }
  },
  "N_L8": 311738
}