{
  "rho_q": 11.873754913938392,
  "rho_cheb": 4.111111111111111,
  "rc_int": 4,
  "N_local_lower": 82,
  "cfg_len": 82,
  "cfg": [
    [
      0,
      0,
      0
    ],
    [
      -1,
      0,
      2
    ],
    [
      -3,
      1,
      0
    ],
    [
      -1,
      -1,
      0
    ],
    [
      -3,
      -3,
      1
    ],
    [
      -4,
      -3,
      2
    ],
    [
      -3,
      -3,
      2
    ],
    [
      -2,
      -2,
      2
    ],
    [
      -4,
      -2,
      3
    ],
    [
      -3,
      -4,
      1
    ],
    [
      -1,
      -3,
      1
    ],
    [
      -2,
      -1,
      3
    ],
    [
      0,
      -2,
      4
    ],
    [
      -1,
      -3,
      3
    ],
    [
      0,
      -4,
      1
    ],
    [
      0,
      -2,
      3
    ],
    [
      2,
      -1,
      2
    ],
    [
      1,
      -3,
      3
    ],
    [
      -1,
      -4,
      2
    ],
    [
      -1,
      -2,
      1
    ],
    [
      -2,
      -3,
      -1
    ],
    [
      -1,
      -4,
      -1
    ],
    [
      1,
      -4,
      -2
    ],
    [
      2,
      -3,
      -3
    ],
    [
      4,
      -3,
      -2
    ],
    [
      2,
      -1,
      -1
    ],
    [
      4,
      1,
      0
    ],
    [
      4,
      2,
      -2
    ],
    [
      2,
      2,
      -4
    ],
    [
      2,
      1,
      -4
    ],
    [
      3,
      0,
      -3
    ],
    [
      3,
      2,
      -2
    ],
    [
      2,
      4,
      0
    ],
    [
      0,
      4,
      -2
    ],
    [
      -1,
      2,
      0
    ],
    [
      -1,
      4,
      -1
    ],
    [
      -3,
      3,
      -2
    ],
    [
      -4,
      1,
      -2
    ],
    [
      -4,
      1,
      -4
    ],
    [
      -3,
      3,
      -3
    ],
    [
      -2,
      2,
      -3
    ],
    [
      -1,
      0,
      -4
    ],
    [
      -2,
      -2,
      -4
    ],
    [
      -3,
      -1,
      -2
    ],
    [
      -4,
      -2,
      -2
    ],
    [
      -3,
      -1,
      -4
    ],
    [
      -1,
      -1,
      -3
    ],
    [
      1,
      -2,
      -4
    ],
    [
      3,
      -3,
      -2
    ],
    [
      4,
      -2,
      0
    ],
    [
      4,
      -1,
      1
    ],
    [
      4,
      -2,
      1
    ],
    [
      4,
      -1,
      3
    ],
    [
      2,
      1,
      2
    ],
    [
      0,
      3,
      2
    ],
    [
      -2,
      1,
      3
    ],
    [
      -4,
      2,
      1
    ],
    [
      -3,
      2,
      3
    ],
    [
      -3,
      4,
      2
    ],
    [
      -4,
      3,
      1
    ],
    [
      -3,
      4,
      -1
    ],
    [
      -2,
      4,
      1
    ],
    [
      -2,
      3,
      0
    ],
    [
      0,
      4,
      0
    ],
    [
      2,
      3,
      0
    ],
    [
      4,
      3,
      2
    ],
    [
      3,
      2,
      4
    ],
    [
      2,
      0,
      4
    ],
    [
      1,
      2,
      4
    ],
    [
      3,
      3,
      4
    ],
    [
      3,
      3,
      3
    ],
    [
      1,
      2,
      3
    ],
    [
      2,
      4,
      1
    ],
    [
      4,
      2,
      -1
    ],
    [
      2,
      3,
      -3
    ],
    [
      3,
      1,
      -3
    ],
    [
      4,
      0,
      -3
    ],
    [
      3,
      -1,
      -4
    ],
    [
      1,
      -2,
      -3
    ],
    [
      2,
      -4,
      -2
    ],
    [
      3,
      -3,
      0
    ],
    [
      1,
      -4,
      -1
    ]
  ]
}