{
  "status": "no-counterexample-in-prefix",
  "candidate": "P_n=(W_n,W_{2n},W_{5n})",
  "ambient_dimension": 9,
  "dimension_three_projection_proved": false,
  "largest_index": 30000,
  "vertices": 30001,
  "base_projection_triples_checked": 175158,
  "minimum_raw_defect": 1,
  "minimum_raw_indices": [5, 6, 7],
  "minimum_normalized_defect": 0.0180851,
  "minimum_normalized_raw": 15980,
  "minimum_normalized_indices": [24716, 25656, 26596],
  "minimum_scale_normalized_defect": 0.0755056,
  "minimum_scale_normalized_raw": 46410,
  "minimum_scale_exponent": 4,
  "minimum_scale_normalized_indices": [14012, 14222, 16742],
  "modular_survivors": {
    "2": 114640,
    "3": 63490,
    "4": 72066,
    "5": 22906,
    "6": 51674,
    "7": 49784,
    "8": 32025,
    "9": 16480,
    "10": 11870,
    "11": 9048,
    "12": 26273,
    "13": 8953,
    "14": 40866,
    "15": 7676,
    "16": 16163
  },
  "finite_computation_only": true,
  "exact_integer_arithmetic": true,
  "command": "nice -n 15 check_affine_125 30000",
  "thread_count": 1,
  "wall_seconds": 101.26,
  "user_seconds": 97.83,
  "host_architecture": "x86_64",
  "compiler": "Apple clang 14.0.3",
  "source_sha256": "7a621991eba232566ad9ffa0eb050be7de6b96979d5a2c4206a51f69dbbad6f4",
  "binary_sha256": "8bc1301fae51a53bf52db81a6f586a837543887fea31e7b05f10e7b482365e48"
}
