{
  "M": [
    [
      3,
      0,
      0
    ],
    [
      0,
      0,
      -3
    ],
    [
      0,
      3,
      -1
    ]
  ],
  "Minv_inf_norm": "4/9",
  "Minv_j_inf_norm": [
    "1",
    "4/9",
    "4/27",
    "41/729",
    "41/2187",
    "373/59049",
    "373/177147",
    "3020/4782969",
    "3020/14348907"
  ],
  "Minv_j_inf_norm_float": [
    1.0,
    0.4444444444444444,
    0.14814814814814814,
    0.056241426611796985,
    0.018747142203932327,
    0.006316787752544497,
    0.0021055959175148324,
    0.0006314069775488823,
    0.0002104689925162941
  ],
  "S_sum_norms": 1.6768454210484465,
  "radius_rho10_times_norm": {
    "j=0": 10.0,
    "j=1": 4.444444444444445,
    "j=2": 1.4814814814814814,
    "j=3": 0.5624142661179699,
    "j=4": 0.18747142203932327,
    "j=5": 0.06316787752544496,
    "j=6": 0.021055959175148322,
    "j=7": 0.006314069775488823,
    "j=8": 0.002104689925162941
  },
  "j_where_rho10_radius_below_half": 4,
  "results": {
    "L7": {
      "jmax_measured": 2,
      "birth_disjoint_overlap": 0,
      "union_subset_of_chain": true,
      "tail_size": 2458,
      "birth_set_sizes": {
        "j=0": 65035,
        "j=1": 19483,
        "j=2": 5756
      },
      "t_j_sup": {
        "j=0": {
          "1": 3,
          "2": 5,
          "3": 8,
          "4": 9,
          "5": 10,
          "6": 13,
          "7": 15,
          "8": 15,
          "9": 17,
          "10": 20
        },
        "j=1": {
          "1": 1,
          "2": 3,
          "3": 3,
          "4": 4,
          "5": 4,
          "6": 6,
          "7": 6,
          "8": 6,
          "9": 6,
          "10": 6
        },
        "j=2": {
          "1": 1,
          "2": 1,
          "3": 1,
          "4": 2,
          "5": 2,
          "6": 2,
          "7": 2,
          "8": 3,
          "9": 3,
          "10": 3
        }
      },
      "t_j_slope": {
        "j=0": {
          "1": 3.0,
          "2": 2.5,
          "3": 2.667,
          "4": 2.25,
          "5": 2.0,
          "6": 2.167,
          "7": 2.143,
          "8": 1.875,
          "9": 1.889,
          "10": 2.0
        },
        "j=1": {
          "1": 1.0,
          "2": 1.5,
          "3": 1.0,
          "4": 1.0,
          "5": 0.8,
          "6": 1.0,
          "7": 0.857,
          "8": 0.75,
          "9": 0.667,
          "10": 0.6
        },
        "j=2": {
          "1": 1.0,
          "2": 0.5,
          "3": 0.333,
          "4": 0.5,
          "5": 0.4,
          "6": 0.333,
          "7": 0.286,
          "8": 0.375,
          "9": 0.333,
          "10": 0.3
        }
      },
      "tail_sup": {
        "1": 1,
        "2": 1,
        "3": 1,
        "4": 1,
        "5": 1,
        "6": 1,
        "7": 1,
        "8": 1,
        "9": 1,
        "10": 1
      },
      "true_crowding_c": {
        "1": 3,
        "2": 6,
        "3": 10,
        "4": 12,
        "5": 14,
        "6": 17,
        "7": 20,
        "8": 22,
        "9": 24,
        "10": 27
      },
      "telescoped_bound_sum": {
        "1": 6,
        "2": 10,
        "3": 13,
        "4": 16,
        "5": 17,
        "6": 22,
        "7": 24,
        "8": 25,
        "9": 27,
        "10": 30
      },
      "true_C_slope_(c-1)/rho": {
        "1": 2.0,
        "2": 2.5,
        "3": 3.0,
        "4": 2.75,
        "5": 2.6,
        "6": 2.667,
        "7": 2.714,
        "8": 2.625,
        "9": 2.556,
        "10": 2.6
      },
      "tele_C_slope_(b-1)/rho": {
        "1": 5.0,
        "2": 4.5,
        "3": 4.0,
        "4": 3.75,
        "5": 3.2,
        "6": 3.5,
        "7": 3.286,
        "8": 3.0,
        "9": 2.889,
        "10": 2.9
      }
    },
    "L8": {
      "jmax_measured": 3,
      "birth_disjoint_overlap": 0,
      "union_subset_of_chain": true,
      "tail_size": 2458,
      "birth_set_sizes": {
        "j=0": 219006,
        "j=1": 65035,
        "j=2": 19483,
        "j=3": 5756
      },
      "t_j_sup": {
        "j=0": {
          "1": 4,
          "2": 6,
          "3": 7,
          "4": 9,
          "5": 12,
          "6": 15,
          "7": 17,
          "8": 18,
          "9": 21,
          "10": 24
        },
        "j=1": {
          "1": 1,
          "2": 2,
          "3": 3,
          "4": 4,
          "5": 5,
          "6": 5,
          "7": 6,
          "8": 6,
          "9": 7,
          "10": 8
        },
        "j=2": {
          "1": 1,
          "2": 1,
          "3": 1,
          "4": 2,
          "5": 2,
          "6": 3,
          "7": 3,
          "8": 3,
          "9": 3,
          "10": 3
        },
        "j=3": {
          "1": 1,
          "2": 1,
          "3": 1,
          "4": 1,
          "5": 1,
          "6": 1,
          "7": 1,
          "8": 1,
          "9": 1,
          "10": 1
        }
      },
      "t_j_slope": {
        "j=0": {
          "1": 4.0,
          "2": 3.0,
          "3": 2.333,
          "4": 2.25,
          "5": 2.4,
          "6": 2.5,
          "7": 2.429,
          "8": 2.25,
          "9": 2.333,
          "10": 2.4
        },
        "j=1": {
          "1": 1.0,
          "2": 1.0,
          "3": 1.0,
          "4": 1.0,
          "5": 1.0,
          "6": 0.833,
          "7": 0.857,
          "8": 0.75,
          "9": 0.778,
          "10": 0.8
        },
        "j=2": {
          "1": 1.0,
          "2": 0.5,
          "3": 0.333,
          "4": 0.5,
          "5": 0.4,
          "6": 0.5,
          "7": 0.429,
          "8": 0.375,
          "9": 0.333,
          "10": 0.3
        },
        "j=3": {
          "1": 1.0,
          "2": 0.5,
          "3": 0.333,
          "4": 0.25,
          "5": 0.2,
          "6": 0.167,
          "7": 0.143,
          "8": 0.125,
          "9": 0.111,
          "10": 0.1
        }
      },
      "tail_sup": {
        "1": 1,
        "2": 1,
        "3": 1,
        "4": 1,
        "5": 1,
        "6": 1,
        "7": 1,
        "8": 1,
        "9": 1,
        "10": 1
      },
      "true_crowding_c": {
        "1": 4,
        "2": 7,
        "3": 9,
        "4": 12,
        "5": 16,
        "6": 20,
        "7": 22,
        "8": 25,
        "9": 28,
        "10": 32
      },
      "telescoped_bound_sum": {
        "1": 8,
        "2": 11,
        "3": 13,
        "4": 17,
        "5": 21,
        "6": 25,
        "7": 28,
        "8": 29,
        "9": 33,
        "10": 37
      },
      "true_C_slope_(c-1)/rho": {
        "1": 3.0,
        "2": 3.0,
        "3": 2.667,
        "4": 2.75,
        "5": 3.0,
        "6": 3.167,
        "7": 3.0,
        "8": 3.0,
        "9": 3.0,
        "10": 3.1
      },
      "tele_C_slope_(b-1)/rho": {
        "1": 7.0,
        "2": 5.0,
        "3": 4.0,
        "4": 4.0,
        "5": 4.0,
        "6": 4.0,
        "7": 3.857,
        "8": 3.5,
        "9": 3.556,
        "10": 3.6
      }
    }
  },
  "elapsed_sec": 71.76877284049988
}