{
  "Minv_inf_norm": "4/9",
  "Minv": [
    [
      "1/3",
      "0",
      "0"
    ],
    [
      "0",
      "-1/9",
      "1/3"
    ],
    [
      "0",
      "-1/3",
      "0"
    ]
  ],
  "recursion_identity": {
    "M^-1*anchors(L6)==chain(L5)": true,
    "M^-1*anchors(L7)==chain(L6)": true
  },
  "full_incidence_max_lattice_centred": {
    "L5": {
      "1": 3,
      "2": 5,
      "3": 7,
      "4": 10,
      "5": 12,
      "6": 14,
      "7": 17,
      "8": 20,
      "9": 23,
      "10": 25,
      "4.44": 10
    },
    "L6": {
      "1": 3,
      "2": 5,
      "3": 7,
      "4": 10,
      "5": 12,
      "6": 15,
      "7": 17,
      "8": 21,
      "9": 23,
      "10": 26,
      "4.44": 10
    },
    "L7": {
      "1": 3,
      "2": 6,
      "3": 10,
      "4": 11,
      "5": 14,
      "6": 16,
      "7": 20,
      "8": 21,
      "9": 22,
      "10": 27,
      "4.44": 11
    }
  },
  "refill": {
    "L6_stitch_point_centred": {
      "0.5": 1,
      "0.75": 1,
      "1.0": 3,
      "1.125": 3,
      "1.25": 3,
      "1.5": 3,
      "2": 5,
      "3": 6,
      "4": 7,
      "4.44": 7,
      "5": 8,
      "6": 10,
      "7": 12,
      "8": 15,
      "9": 16,
      "10": 19
    },
    "L7_stitch_point_centred": {
      "0.5": 1,
      "0.75": 1,
      "1.0": 3,
      "1.125": 3,
      "1.25": 3,
      "1.5": 3,
      "2": 5,
      "3": 8,
      "4": 9,
      "4.44": 9,
      "5": 9,
      "6": 12,
      "7": 14,
      "8": 15,
      "9": 16,
      "10": 17
    }
  },
  "refill_real_centre": {
    "L6_stitch_real_centre_max": {
      "0.5": 3,
      "0.75": 3,
      "1.0": 3,
      "1.125": 3,
      "1.25": 3,
      "1.5": 4,
      "2": 6,
      "3": 6,
      "4": 8,
      "4.44": 8,
      "5": 11,
      "6": 12,
      "7": 14,
      "8": 18,
      "9": 20,
      "10": 21
    },
    "L7_stitch_real_centre_max": {
      "0.5": 2,
      "0.75": 2,
      "1.0": 3,
      "1.125": 3,
      "1.25": 3,
      "1.5": 5,
      "2": 5,
      "3": 8,
      "4": 9,
      "4.44": 9,
      "5": 10,
      "6": 13,
      "7": 15,
      "8": 15,
      "9": 17,
      "10": 20
    }
  },
  "closing": {
    "C_small_regime": 6.0,
    "C_big_regime": 6.0,
    "C_star": 6.0,
    "binding_rho_big": 1.5,
    "B_local_over_rho_big": {
      "1.125": 2.6666666666666665,
      "1.25": 2.4,
      "1.5": 3.3333333333333335,
      "2": 3.0,
      "3": 2.6666666666666665,
      "4": 2.25,
      "4.44": 2.0270270270270268,
      "5": 2.2,
      "6": 2.1666666666666665,
      "7": 2.142857142857143,
      "8": 2.25,
      "9": 2.2222222222222223,
      "10": 2.1
    }
  },
  "elapsed_sec": 41.99508213996887
}