{
  "L6": {
    "n": 27697,
    "anchors": 8214,
    "stitch": 19483,
    "cmax": {
      "0.5": 1,
      "1": 3,
      "1.5": 3,
      "2": 5,
      "3": 7,
      "4": 10,
      "5": 12,
      "6": 15,
      "8": 21,
      "10": 26
    },
    "bmax": {
      "0.5": 1,
      "1": 3,
      "1.5": 3,
      "2": 5,
      "3": 6,
      "4": 7,
      "5": 9,
      "6": 11,
      "8": 15,
      "10": 19
    },
    "amax": {
      "0.5": 1,
      "1": 1,
      "1.5": 1,
      "2": 2,
      "3": 3,
      "4": 3,
      "5": 4,
      "6": 5,
      "8": 7,
      "10": 8
    },
    "aeff": {
      "0.5": 1.0,
      "1": 2.0,
      "1.5": 2.0,
      "2": 2.0,
      "3": 2.0,
      "4": 2.5,
      "5": 2.5,
      "6": 2.6666666666666665,
      "8": 2.6666666666666665,
      "10": 3.3333333333333335
    }
  },
  "L7": {
    "n": 92732,
    "anchors": 27697,
    "stitch": 65035,
    "cmax": {
      "0.5": 1,
      "1": 3,
      "1.5": 3,
      "2": 6,
      "3": 10,
      "4": 11,
      "5": 14,
      "6": 16,
      "8": 21,
      "10": 27
    },
    "bmax": {
      "0.5": 1,
      "1": 3,
      "1.5": 3,
      "2": 5,
      "3": 8,
      "4": 9,
      "5": 10,
      "6": 12,
      "8": 15,
      "10": 20
    },
    "amax": {
      "0.5": 1,
      "1": 1,
      "1.5": 1,
      "2": 3,
      "3": 3,
      "4": 3,
      "5": 5,
      "6": 5,
      "8": 7,
      "10": 8
    },
    "aeff": {
      "0.5": 1.0,
      "1": 2.0,
      "1.5": 2.0,
      "2": 2.0,
      "3": 2.0,
      "4": 2.6666666666666665,
      "5": 2.6666666666666665,
      "6": 2.6666666666666665,
      "8": 3.0,
      "10": 3.6666666666666665
    }
  },
  "L8": {
    "n": 311738,
    "anchors": 92732,
    "stitch": 219006,
    "cmax": {
      "0.5": 1,
      "1": 3,
      "1.5": 3,
      "2": 7,
      "3": 9,
      "4": 12,
      "5": 14,
      "6": 18,
      "8": 24,
      "10": 31
    },
    "bmax": {
      "0.5": 1,
      "1": 3,
      "1.5": 3,
      "2": 6,
      "3": 7,
      "4": 9,
      "5": 11,
      "6": 13,
      "8": 18,
      "10": 23
    },
    "amax": {
      "0.5": 1,
      "1": 1,
      "1.5": 1,
      "2": 2,
      "3": 3,
      "4": 4,
      "5": 4,
      "6": 6,
      "8": 7,
      "10": 10
    },
    "aeff": {
      "0.5": 1.0,
      "1": 2.0,
      "1.5": 2.0,
      "2": 2.0,
      "3": 2.0,
      "4": 2.5,
      "5": 2.5,
      "6": 2.6666666666666665,
      "8": 3.0,
      "10": 3.6666666666666665
    }
  }
}