{
 "growth": {
  "6": {
   "N": 27697,
   "lambda": 3.371925980034088,
   "extent_ratio": 3.00054839594187
  },
  "7": {
   "N": 92732,
   "lambda": 3.3480882406036754,
   "extent_ratio": 3.0001827652380517
  },
  "8": {
   "N": 311738,
   "lambda": 3.3617090109131693,
   "extent_ratio": 3.0
  }
 },
 "lambda_avg": 3.3548986257584223,
 "d_from_growth": 1.1017731792944485,
 "minv_inf_norms": [
  1.0,
  0.4444444444444444,
  0.14814814814814814,
  0.056241426611796985,
  0.018747142203932327,
  0.006316787752544497,
  0.0021055959175148324,
  0.0006314069775488823,
  0.0002104689925162941
 ],
 "distortion_ratio_vs_3^-j": [
  1.0,
  1.3333333333333333,
  1.3333333333333333,
  1.5185185185185186,
  1.5185185185185186,
  1.5349794238683128,
  1.5349794238683128,
  1.3808870598994056,
  1.3808870598994056
 ],
 "S_d": {
  "1.0": 1.6769506555447045,
  "1.05": 1.6326010694282773,
  "1.1": 1.592367381034447,
  "1.104": 1.58931000341146,
  "1.15": 1.555720754032264
 },
 "kappa_K7": {
  "1.0": {
   "0": {
    "t_avg": 0.7313333333333333,
    "t_max": 2,
    "kappa_avg": 1.0120481927710843,
    "kappa_max": 2.0,
    "frac_contrib": 0.7193333333333334
   },
   "1": {
    "t_avg": 0.21333333333333335,
    "t_max": 1,
    "kappa_avg": 1.0,
    "kappa_max": 1.0,
    "frac_contrib": 0.21333333333333335
   },
   "2": {
    "t_avg": 0.06133333333333333,
    "t_max": 1,
    "kappa_avg": 1.0,
    "kappa_max": 1.0,
    "frac_contrib": 0.06133333333333333
   }
  },
  "2.0": {
   "0": {
    "t_avg": 2.1213333333333333,
    "t_max": 4,
    "kappa_avg": 1.8063333333333333,
    "kappa_max": 3.0,
    "frac_contrib": 1.0
   },
   "1": {
    "t_avg": 0.618,
    "t_max": 2,
    "kappa_avg": 1.0021621621621621,
    "kappa_max": 2.0,
    "frac_contrib": 0.6166666666666667
   },
   "2": {
    "t_avg": 0.19466666666666665,
    "t_max": 1,
    "kappa_avg": 1.0,
    "kappa_max": 1.0,
    "frac_contrib": 0.19466666666666665
   }
  },
  "4.4444": {
   "0": {
    "t_avg": 3.5966666666666667,
    "t_max": 6,
    "kappa_avg": 1.907666666666667,
    "kappa_max": 3.0,
    "frac_contrib": 1.0
   },
   "1": {
    "t_avg": 1.0626666666666666,
    "t_max": 3,
    "kappa_avg": 1.2452904238618525,
    "kappa_max": 2.0,
    "frac_contrib": 0.8493333333333334
   },
   "2": {
    "t_avg": 0.318,
    "t_max": 1,
    "kappa_avg": 1.0,
    "kappa_max": 1.0,
    "frac_contrib": 0.318
   }
  },
  "10.0": {
   "0": {
    "t_avg": 8.388,
    "t_max": 13,
    "kappa_avg": 2.1417682539682494,
    "kappa_max": 3.0,
    "frac_contrib": 1.0
   },
   "1": {
    "t_avg": 2.516,
    "t_max": 5,
    "kappa_avg": 1.857,
    "kappa_max": 3.0,
    "frac_contrib": 1.0
   },
   "2": {
    "t_avg": 0.744,
    "t_max": 2,
    "kappa_avg": 1.0508474576271187,
    "kappa_max": 2.0,
    "frac_contrib": 0.708
   }
  }
 },
 "kappa_K8": {
  "1.0": {
   "0": {
    "t_avg": 0.738,
    "t_max": 2,
    "kappa_avg": 1.014760147601476,
    "kappa_max": 2.0,
    "frac_contrib": 0.7226666666666667
   },
   "1": {
    "t_avg": 0.208,
    "t_max": 1,
    "kappa_avg": 1.0,
    "kappa_max": 1.0,
    "frac_contrib": 0.208
   },
   "2": {
    "t_avg": 0.06666666666666667,
    "t_max": 1,
    "kappa_avg": 1.0,
    "kappa_max": 1.0,
    "frac_contrib": 0.06666666666666667
   },
   "3": {
    "t_avg": 0.014666666666666666,
    "t_max": 1,
    "kappa_avg": 1.0,
    "kappa_max": 1.0,
    "frac_contrib": 0.014666666666666666
   }
  },
  "2.0": {
   "0": {
    "t_avg": 2.1206666666666667,
    "t_max": 4,
    "kappa_avg": 1.8076666666666668,
    "kappa_max": 3.0,
    "frac_contrib": 1.0
   },
   "1": {
    "t_avg": 0.6266666666666667,
    "t_max": 2,
    "kappa_avg": 1.0053475935828877,
    "kappa_max": 2.0,
    "frac_contrib": 0.6233333333333333
   },
   "2": {
    "t_avg": 0.198,
    "t_max": 1,
    "kappa_avg": 1.0,
    "kappa_max": 1.0,
    "frac_contrib": 0.198
   },
   "3": {
    "t_avg": 0.051333333333333335,
    "t_max": 1,
    "kappa_avg": 1.0,
    "kappa_max": 1.0,
    "frac_contrib": 0.051333333333333335
   }
  },
  "4.4444": {
   "0": {
    "t_avg": 3.6133333333333333,
    "t_max": 7,
    "kappa_avg": 1.918,
    "kappa_max": 3.0,
    "frac_contrib": 1.0
   },
   "1": {
    "t_avg": 1.052,
    "t_max": 2,
    "kappa_avg": 1.2368214004720692,
    "kappa_max": 2.0,
    "frac_contrib": 0.8473333333333334
   },
   "2": {
    "t_avg": 0.318,
    "t_max": 1,
    "kappa_avg": 1.0,
    "kappa_max": 1.0,
    "frac_contrib": 0.318
   },
   "3": {
    "t_avg": 0.09066666666666667,
    "t_max": 1,
    "kappa_avg": 1.0,
    "kappa_max": 1.0,
    "frac_contrib": 0.09066666666666667
   }
  },
  "10.0": {
   "0": {
    "t_avg": 8.441333333333333,
    "t_max": 16,
    "kappa_avg": 2.1439801587301557,
    "kappa_max": 3.0,
    "frac_contrib": 1.0
   },
   "1": {
    "t_avg": 2.526666666666667,
    "t_max": 5,
    "kappa_avg": 1.8374444444444447,
    "kappa_max": 3.0,
    "frac_contrib": 1.0
   },
   "2": {
    "t_avg": 0.726,
    "t_max": 2,
    "kappa_avg": 1.0401913875598086,
    "kappa_max": 2.0,
    "frac_contrib": 0.6966666666666667
   },
   "3": {
    "t_avg": 0.20666666666666667,
    "t_max": 1,
    "kappa_avg": 1.0,
    "kappa_max": 1.0,
    "frac_contrib": 0.20666666666666667
   }
  }
 },
 "measured_c_K8": {
  "1": 3,
  "2": 7,
  "3": 9,
  "4": 12,
  "5": 14,
  "10": 31
 },
 "refill_b_K8": {
  "1": 3,
  "2": 6,
  "3": 7,
  "4": 9,
  "5": 11,
  "10": 20
 },
 "refill_b_K7": {
  "1": 3,
  "2": 5,
  "3": 8,
  "4": 9,
  "5": 9,
  "10": 17
 }
}
