{
 "linalg": {
  "sv_M": [
   3.54138126514911,
   3.0,
   2.5413812651491097
  ],
  "sv_Minv": [
   0.39348680723879004,
   0.3333333333333333,
   0.2823756961276789
  ],
  "sv_over_3j": {
   "1": [
    1.1805,
    1.0,
    0.8471
   ],
   "2": [
    1.0571,
    1.0,
    0.946
   ],
   "3": [
    1.1591,
    1.0,
    0.8628
   ],
   "4": [
    1.1104,
    1.0,
    0.9006
   ],
   "5": [
    1.1196,
    1.0,
    0.8932
   ],
   "6": [
    1.1528,
    1.0,
    0.8675
   ],
   "7": [
    1.0678,
    1.0,
    0.9365
   ],
   "8": [
    1.178,
    1.0,
    0.8489
   ],
   "9": [
    1.0108,
    1.0,
    0.9893
   ],
   "10": [
    1.1822,
    1.0,
    0.8459
   ]
  },
  "distortion_band": [
   0.8459111220327796,
   1.182157290469163
  ],
  "kappa_emp": 1.3974958594093927,
  "kappaQ": 1.3228756555322951
 },
 "L6": {
  "N": 27697,
  "extent": 10943,
  "lam": NaN,
  "er": NaN,
  "d_ratio": NaN,
  "box_slopes": [
   0.106,
   0.701,
   0.99,
   1.075,
   1.086,
   1.152,
   1.43,
   0.771
  ]
 },
 "L7": {
  "N": 92732,
  "extent": 32831,
  "lam": 3.3480882406036754,
  "er": 3.0001827652380517,
  "d_ratio": 1.0998625424562358,
  "box_slopes": [
   0.105,
   0.701,
   0.997,
   1.074,
   1.07,
   1.147,
   1.143,
   1.281,
   0.71
  ]
 },
 "L8": {
  "N": 311738,
  "extent": 98493,
  "lam": 3.3617090109131693,
  "er": 3.0,
  "d_ratio": 1.1036190759661277,
  "box_slopes": [
   0.104,
   0.702,
   0.998,
   1.08,
   1.097,
   1.092,
   1.093,
   1.147,
   1.235,
   0.783
  ]
 },
 "dimension": {
  "lam_avg": 3.3548986257584223,
  "d_measured": 1.1017731792944485,
  "d_rigorous_cap": 1.4649735207179269
 },
 "contraction": {
  "aniso_factor": 0.35186172620924144,
  "aniso_at_1p10": 0.3525478337813252,
  "isotropic_linear_coeff_prev": "(4/9)(1+g)=20/9>1 DIVERGED"
 },
 "ck_L6": {
  "c": {
   "1": 3,
   "2": 5,
   "3": 7,
   "4": 10,
   "5": 12,
   "6": 15,
   "7": 17,
   "8": 21,
   "9": 23,
   "10": 26
  },
  "arcs": {
   "1": 2,
   "2": 3,
   "3": 3,
   "4": 3,
   "5": 4,
   "6": 4,
   "7": 4,
   "8": 5,
   "9": 5,
   "10": 5
  }
 },
 "fit_L6": {
  "C": 2.693646996419474,
  "d": 0.960770132440191,
  "C_for_d110": 3.0,
  "argC": 1,
  "arc_exponent": 0.3914980006700314
 },
 "ck_L7": {
  "c": {
   "1": 3,
   "2": 6,
   "3": 10,
   "4": 11,
   "5": 14,
   "6": 16,
   "7": 20,
   "8": 21,
   "9": 22,
   "10": 27
  },
  "arcs": {
   "1": 2,
   "2": 3,
   "3": 3,
   "4": 3,
   "5": 4,
   "6": 4,
   "7": 4,
   "8": 4,
   "9": 5,
   "10": 4
  }
 },
 "fit_L7": {
  "C": 3.1757649522899185,
  "d": 0.9185492522302412,
  "C_for_d110": 3.0,
  "argC": 1,
  "arc_exponent": 0.32869076006689785
 },
 "ck_L8": {
  "c": {
   "1": 3,
   "2": 7,
   "3": 9,
   "4": 12,
   "5": 14,
   "6": 18,
   "7": 20,
   "8": 24,
   "9": 27,
   "10": 31
  },
  "arcs": {
   "1": 2,
   "2": 3,
   "3": 3,
   "4": 4,
   "5": 4,
   "6": 4,
   "7": 4,
   "8": 5,
   "9": 4,
   "10": 5
  }
 },
 "fit_L8": {
  "C": 3.14412324568811,
  "d": 0.97351301249216,
  "C_for_d110": 3.265615470378826,
  "argC": 2,
  "arc_exponent": 0.35242244399760536
 }
}