{
 "T1_metric_selfsimilar_exact": {
  "Q_M_v_eq_9_Q_v": true,
  "statement": "Q(Mv)=9Q(v) integer identity => d_Q(Mp,Mq)=3 d_Q(p,q) EXACT; covering/packing numbers scale by exactly 3."
 },
 "T1_A_is_3O": {
  "AtA": [
   [
    9.0,
    0.0,
    0.0
   ],
   [
    0.0,
    9.0,
    0.0
   ],
   [
    0.0,
    0.0,
    9.0
   ]
  ],
  "AtA_eq_9I": true
 },
 "global": {
  "N": {
   "L5": 8214,
   "L6": 27697,
   "L7": 92732,
   "L8": 311738
  },
  "lambda_L7_L8": 3.3617090109131693,
  "d": 1.1036190759661277,
  "extent_ratio": "3 exact = det(M)^{1/3} (M elliptic, all eig moduli 3)"
 },
 "T2_distortion": {
  "L6": {
   "kappa_iso_by_r": {
    "1": 1,
    "2": 2,
    "3": 3,
    "4": 3,
    "6": 4,
    "9": 4
   },
   "kappa_Q_by_s": {
    "1.0": 1,
    "2.0": 1,
    "3.0": 2,
    "6.0": 3,
    "9.0": 3,
    "18.0": 4
   }
  },
  "L7": {
   "kappa_iso_by_r": {
    "1": 1,
    "2": 2,
    "3": 3,
    "4": 3,
    "6": 4,
    "9": 4
   },
   "kappa_Q_by_s": {
    "1.0": 1,
    "2.0": 1,
    "3.0": 2,
    "6.0": 3,
    "9.0": 4,
    "18.0": 4
   }
  }
 },
 "T3_Qcovering_ratio": {
  "L5": {
   "boxcount_u": {
    "1.0": 8214,
    "3.0": 8179,
    "9.0": 5958,
    "27.0": 2269,
    "81.0": 711,
    "243.0": 198,
    "729.0": 51,
    "2187.0": 13
   },
   "ratio_Ns_over_N3s": {
    "1.0": 1.0043,
    "3.0": 1.3728,
    "9.0": 2.6258,
    "27.0": 3.1913,
    "81.0": 3.5909,
    "243.0": 3.8824,
    "729.0": 3.9231
   }
  },
  "L6": {
   "boxcount_u": {
    "1.0": 27697,
    "3.0": 27567,
    "9.0": 20062,
    "27.0": 7598,
    "81.0": 2376,
    "243.0": 715,
    "729.0": 215,
    "2187.0": 60,
    "6561.0": 16
   },
   "ratio_Ns_over_N3s": {
    "1.0": 1.0047,
    "3.0": 1.3741,
    "9.0": 2.6404,
    "27.0": 3.1978,
    "81.0": 3.3231,
    "243.0": 3.3256,
    "729.0": 3.5833,
    "2187.0": 3.75
   }
  },
  "L7": {
   "boxcount_u": {
    "1.0": 92732,
    "3.0": 92337,
    "9.0": 67438,
    "27.0": 25603,
    "81.0": 7958,
    "243.0": 2410,
    "729.0": 700,
    "2187.0": 202,
    "6561.0": 56,
    "19683.0": 16
   },
   "ratio_Ns_over_N3s": {
    "1.0": 1.0043,
    "3.0": 1.3692,
    "9.0": 2.634,
    "27.0": 3.2173,
    "81.0": 3.3021,
    "243.0": 3.4429,
    "729.0": 3.4653,
    "2187.0": 3.6071,
    "6561.0": 3.5
   }
  },
  "L8": {
   "boxcount_u": {
    "1.0": 311738,
    "3.0": 310284,
    "9.0": 226177,
    "27.0": 85459,
    "81.0": 26929,
    "243.0": 8051,
    "729.0": 2404,
    "2187.0": 697,
    "6561.0": 206,
    "19683.0": 59,
    "59049.0": 13
   },
   "ratio_Ns_over_N3s": {
    "1.0": 1.0047,
    "3.0": 1.3719,
    "9.0": 2.6466,
    "27.0": 3.1735,
    "81.0": 3.3448,
    "243.0": 3.349,
    "729.0": 3.4491,
    "2187.0": 3.3835,
    "6561.0": 3.4915,
    "19683.0": 4.5385
   }
  }
 },
 "T4_Qball_fit": {
  "L6": {
   "b_Q": {
    "1.0": 2,
    "1.5": 2,
    "2.0": 2,
    "3.0": 3,
    "4.0": 3,
    "5.0": 4,
    "7.0": 6,
    "10.0": 9,
    "14.0": 13,
    "20.0": 20,
    "30.0": 29
   },
   "C_Q_for_Rd": 2.0,
   "binding_R": 1.0,
   "ratios": {
    "1.0": 2.0,
    "1.5": 1.278,
    "2.0": 0.931,
    "3.0": 0.892,
    "4.0": 0.65,
    "5.0": 0.677,
    "7.0": 0.701,
    "10.0": 0.709,
    "14.0": 0.706,
    "20.0": 0.733,
    "30.0": 0.68
   }
  },
  "L7": {
   "b_Q": {
    "1.0": 2,
    "1.5": 2,
    "2.0": 2,
    "3.0": 3,
    "4.0": 4,
    "5.0": 5,
    "7.0": 7,
    "10.0": 10,
    "14.0": 14,
    "20.0": 21,
    "30.0": 31
   },
   "C_Q_for_Rd": 2.0,
   "binding_R": 1.0,
   "ratios": {
    "1.0": 2.0,
    "1.5": 1.278,
    "2.0": 0.931,
    "3.0": 0.892,
    "4.0": 0.866,
    "5.0": 0.846,
    "7.0": 0.817,
    "10.0": 0.788,
    "14.0": 0.761,
    "20.0": 0.77,
    "30.0": 0.726
   }
  },
  "L8": {
   "b_Q": {
    "1.0": 2,
    "1.5": 2,
    "2.0": 2,
    "3.0": 3,
    "4.0": 4,
    "5.0": 5,
    "7.0": 8,
    "10.0": 10,
    "14.0": 16,
    "20.0": 24,
    "30.0": 37
   },
   "C_Q_for_Rd": 2.0,
   "binding_R": 1.0,
   "ratios": {
    "1.0": 2.0,
    "1.5": 1.278,
    "2.0": 0.931,
    "3.0": 0.892,
    "4.0": 0.866,
    "5.0": 0.846,
    "7.0": 0.934,
    "10.0": 0.788,
    "14.0": 0.869,
    "20.0": 0.88,
    "30.0": 0.867
   }
  }
 },
 "T5_cheb_conversion": {
  "alpha_ChebUnit_to_Q": 3.872983346207417,
  "direct_C_valid_over_range": 3.257433769575359,
  "binding_level": "L8",
  "binding_r": 2,
  "c_at_4p44_by_level": {
   "L5": 10,
   "L6": 10,
   "L7": 11,
   "L8": 12
  },
  "C_from_metric_conversion": 8.91268114951469,
  "Crd_at_4p44_direct": 16.878730916225,
  "per_level": {
   "L5": {
    "c": {
     "1": 3,
     "2": 5,
     "3": 7,
     "4": 10,
     "5": 12,
     "6": 14,
     "7": 17,
     "8": 20,
     "9": 23,
     "10": 25
    },
    "C_for_rd": 3.0,
    "binding_r": 1,
    "c_at_4": 10,
    "ratios": {
     "1": 3.0,
     "2": 2.327,
     "3": 2.082,
     "4": 2.165,
     "5": 2.031,
     "6": 1.938,
     "7": 1.985,
     "8": 2.015,
     "9": 2.035,
     "10": 1.969
    }
   },
   "L6": {
    "c": {
     "1": 3,
     "2": 5,
     "3": 7,
     "4": 10,
     "5": 12,
     "6": 15,
     "7": 17,
     "8": 21,
     "9": 23,
     "10": 26
    },
    "C_for_rd": 3.0,
    "binding_r": 1,
    "c_at_4": 10,
    "ratios": {
     "1": 3.0,
     "2": 2.327,
     "3": 2.082,
     "4": 2.165,
     "5": 2.031,
     "6": 2.076,
     "7": 1.985,
     "8": 2.116,
     "9": 2.035,
     "10": 2.048
    }
   },
   "L7": {
    "c": {
     "1": 3,
     "2": 6,
     "3": 10,
     "4": 11,
     "5": 14,
     "6": 16,
     "7": 20,
     "8": 21,
     "9": 22,
     "10": 27
    },
    "C_for_rd": 3.0,
    "binding_r": 1,
    "c_at_4": 11,
    "ratios": {
     "1": 3.0,
     "2": 2.792,
     "3": 2.975,
     "4": 2.382,
     "5": 2.37,
     "6": 2.215,
     "7": 2.335,
     "8": 2.116,
     "9": 1.947,
     "10": 2.127
    }
   },
   "L8": {
    "c": {
     "1": 3,
     "2": 7,
     "3": 9,
     "4": 12,
     "5": 14,
     "6": 18,
     "7": 20,
     "8": 24,
     "9": 27,
     "10": 31
    },
    "C_for_rd": 3.257433769575359,
    "binding_r": 2,
    "c_at_4": 12,
    "ratios": {
     "1": 3.0,
     "2": 3.257,
     "3": 2.677,
     "4": 2.599,
     "5": 2.37,
     "6": 2.492,
     "7": 2.335,
     "8": 2.418,
     "9": 2.389,
     "10": 2.442
    }
   }
  }
 }
}