{
 "d_dim": 1.1032,
 "S_iso": 1.8,
 "S_aniso": 1.67693,
 "rstar": 4.44,
 "levels": {
  "6": {
   "N": 27697,
   "c_r4_dist": {
    "mean": 5.1046,
    "p50": 5,
    "p99": 7,
    "p99.9": 8,
    "p99.99": 9,
    "max": 10,
    "tailfrac_P[c>=t]": {
     "8": 0.00223851,
     "10": 3.61e-05,
     "12": 0.0,
     "14": 0.0,
     "16": 0.0
    }
   },
   "c_r5_dist": {
    "mean": 5.6148,
    "p50": 5,
    "p99": 8,
    "p99.9": 10,
    "p99.99": 11,
    "max": 12,
    "tailfrac_P[c>=t]": {
     "8": 0.01974943,
     "10": 0.00101094,
     "12": 3.61e-05,
     "14": 0.0,
     "16": 0.0
    }
   }
  },
  "7": {
   "N": 92732,
   "c_r4_dist": {
    "mean": 5.1036,
    "p50": 5,
    "p99": 7,
    "p99.9": 8,
    "p99.99": 10,
    "max": 11,
    "tailfrac_P[c>=t]": {
     "8": 0.00219989,
     "10": 0.00012941,
     "12": 0.0,
     "14": 0.0,
     "16": 0.0
    }
   },
   "c_r5_dist": {
    "mean": 5.5893,
    "p50": 5,
    "p99": 8,
    "p99.9": 10,
    "p99.99": 12,
    "max": 14,
    "tailfrac_P[c>=t]": {
     "8": 0.01734029,
     "10": 0.001197,
     "12": 0.00010784,
     "14": 1.078e-05,
     "16": 0.0
    }
   }
  },
  "8": {
   "N": 311738,
   "c_r4_dist": {
    "mean": 5.1044,
    "p50": 5,
    "p99": 7,
    "p99.9": 8,
    "p99.99": 10,
    "max": 12,
    "tailfrac_P[c>=t]": {
     "8": 0.00220057,
     "10": 0.00014435,
     "12": 6.42e-06,
     "14": 0.0,
     "16": 0.0
    }
   },
   "c_r5_dist": {
    "mean": 5.6012,
    "p50": 5,
    "p99": 8,
    "p99.9": 10,
    "p99.99": 12,
    "max": 14,
    "tailfrac_P[c>=t]": {
     "8": 0.01802796,
     "10": 0.00121897,
     "12": 0.00013794,
     "14": 1.283e-05,
     "16": 0.0
    }
   }
  }
 },
 "fixed_point": {
  "E_measured": 3.0,
  "C_iso_lin": 5.4,
  "c*_4.44_iso_lin": 23.98,
  "C_aniso_lin": 5.031,
  "c*_4.44_aniso_lin": 22.34,
  "note": "linear fixed points are LOOSE upper bounds; power-law C_d*r^d is the tight one",
  "C_d_measured_range": "3.0-3.26 (L6-L8)",
  "c*_4.44_powerlaw_Cd3": 15.53,
  "c*_4.44_powerlaw_Cd2.7": 13.98,
  "availability_jam_line_crowding": 44.9,
  "avail_log_words_at_c=measuredmax": "11.9 - 0.265*c"
 }
}